City_ID,City,Country,Date,Lat,Lng,Max Temp,Humidity,Cloudiness,Wind Speed
0,Guerrero Negro,MX,2022-02-02 00:24:41,27.9769,-114.0611,62.46,65,99,14.03
1,Mataura,NZ,2022-02-02 00:26:57,-46.1927,168.8643,77.7,58,93,5.55
2,Severo-Kurilsk,RU,2022-02-02 00:26:58,50.6789,156.125,30.06,78,88,11.48
3,Puerto Ayora,EC,2022-02-02 00:26:59,-0.7393,-90.3518,75.54,94,72,3.0
4,Tiksi,RU,2022-02-02 00:27:00,71.6872,128.8694,-11.16,97,100,6.87
5,Port Alfred,ZA,2022-02-02 00:27:01,-33.5906,26.891,77.68,78,100,5.26
6,Port Elizabeth,ZA,2022-02-02 00:24:00,-33.918,25.5701,76.1,83,0,2.3
7,Ixtapa,MX,2022-02-02 00:23:52,20.7,-105.2,76.23,50,0,11.5
8,Faanui,PF,2022-02-02 00:26:06,-16.4833,-151.75,80.69,76,13,19.3
9,Carnarvon,AU,2022-02-02 00:23:07,-24.8667,113.6333,78.87,83,86,12.66
10,Truth Or Consequences,US,2022-02-02 00:27:04,33.1284,-107.2528,59.23,18,100,3.4
11,Hithadhoo,MV,2022-02-02 00:27:05,-0.6,73.0833,82.33,73,5,12.26
12,Baglung,NP,2022-02-02 00:27:06,28.2719,83.5898,41.92,69,11,5.06
13,Castro,BR,2022-02-02 00:23:43,-24.7911,-50.0119,64.04,93,16,5.41
14,Atuona,PF,2022-02-02 00:24:22,-9.8,-139.0333,78.57,77,12,20.15
15,Provideniya,RU,2022-02-02 00:26:04,64.3833,-173.3,15.91,57,4,22.37
16,San Policarpo,PH,2022-02-02 00:27:08,12.1791,125.5072,79.83,82,78,10.25
17,College,US,2022-02-02 00:27:08,64.8569,-147.8028,1.22,72,20,0.0
18,Mbaiki,CF,2022-02-02 00:24:44,3.8678,17.9892,68.32,29,54,1.52
19,Georgetown,MY,2022-02-02 00:23:34,5.4112,100.3354,80.53,86,20,1.14
20,Hambantota,LK,2022-02-02 00:27:10,6.1241,81.1185,71.94,100,20,6.91
21,Punta Arenas,CL,2022-02-02 00:22:26,-53.15,-70.9167,48.31,61,40,13.8
22,Bairnsdale,AU,2022-02-02 00:27:11,-37.8333,147.6167,64.06,62,18,5.01
23,Halifax,CA,2022-02-02 00:27:12,44.6453,-63.5724,18.21,60,0,1.01
24,Ushuaia,AR,2022-02-02 00:23:02,-54.8,-68.3,42.46,75,40,41.43
25,Jalu,LY,2022-02-02 00:27:13,29.0331,21.5482,55.38,36,50,13.06
26,Barrow,US,2022-02-02 00:24:17,71.2906,-156.7887,-16.58,69,40,10.36
27,Albany,US,2022-02-02 00:22:28,42.6001,-73.9662,29.25,65,53,4.0
28,Luderitz,NA,2022-02-02 00:27:15,-26.6481,15.1594,64.13,90,49,7.29
29,Hermanus,ZA,2022-02-02 00:23:12,-34.4187,19.2345,67.89,80,12,5.23
30,Busselton,AU,2022-02-02 00:27:16,-33.65,115.3333,68.09,55,53,19.19
31,Clyde River,CA,2022-02-02 00:27:17,70.4692,-68.5914,-19.97,76,0,5.75
32,Cayenne,GF,2022-02-02 00:27:19,4.9333,-52.3333,75.09,92,100,3.44
33,Fortuna,US,2022-02-02 00:27:19,40.5982,-124.1573,53.85,69,0,3.0
34,Fort Morgan,US,2022-02-02 00:27:20,40.2503,-103.8,26.1,93,75,18.41
35,Rikitea,PF,2022-02-02 00:23:03,-23.1203,-134.9692,78.22,70,89,6.04
36,Bredasdorp,ZA,2022-02-02 00:24:14,-34.5322,20.0403,73.35,80,4,1.9
37,Souillac,MU,2022-02-02 00:27:22,-20.5167,57.5167,81.36,94,75,21.85
38,Aksu,CN,2022-02-02 00:27:23,41.1231,80.2644,21.52,54,0,1.68
39,New Norfolk,AU,2022-02-02 00:27:24,-42.7826,147.0587,61.72,44,48,1.99
40,Kozhva,RU,2022-02-02 00:27:24,65.1073,57.0459,5.56,93,93,3.44
41,Washington,US,2022-02-02 00:27:25,47.5001,-120.5015,35.96,59,54,1.99
42,Lebu,CL,2022-02-02 00:27:26,-37.6167,-73.65,60.17,90,0,10.51
43,Yabelo,ET,2022-02-02 00:27:26,4.8833,38.0833,61.68,42,89,5.61
44,Okha,RU,2022-02-02 00:24:07,53.5739,142.9478,1.08,90,92,21.09
45,Veraval,IN,2022-02-02 00:28:27,20.9,70.3667,68.77,67,5,7.4
46,Ilulissat,GL,2022-02-02 00:24:27,69.2167,-51.1,3.22,51,100,4.61
47,Kyzyl-Suu,KG,2022-02-02 00:28:29,42.3414,78.0056,16.74,58,3,10.65
48,Alofi,NU,2022-02-02 00:28:30,-19.0595,-169.9187,82.29,74,75,5.75
49,Torbay,CA,2022-02-02 00:28:31,47.6666,-52.7314,21.76,59,20,14.97
50,Saint George,US,2022-02-02 00:26:07,37.1041,-113.5841,51.64,21,0,1.99
51,Tautira,PF,2022-02-02 00:27:34,-17.7333,-149.15,87.82,77,22,18.25
52,Norman Wells,CA,2022-02-02 00:28:32,65.282,-126.8329,-18.36,69,20,0.0
53,Merrill,US,2022-02-02 00:28:33,45.1805,-89.6835,19.58,66,0,12.66
54,Alyangula,AU,2022-02-02 00:28:34,-13.8483,136.4192,85.87,74,100,11.5
55,Bluff,NZ,2022-02-02 00:28:35,-46.6,168.3333,69.35,74,97,7.74
56,Yellowknife,CA,2022-02-02 00:23:35,62.456,-114.3525,-24.59,80,0,6.91
57,Aswan,EG,2022-02-02 00:28:36,24.0934,32.907,54.84,57,0,4.94
58,Chuy,UY,2022-02-02 00:28:37,-33.6971,-53.4616,63.66,70,0,7.23
59,Kruisfontein,ZA,2022-02-02 00:28:38,-34.0033,24.7314,73.89,64,100,4.27
60,Mayakonda,IN,2022-02-02 00:28:38,14.2833,76.0833,65.34,45,51,2.19
61,Okato,NZ,2022-02-02 00:28:39,-39.2,173.8833,71.69,69,100,17.74
62,Pangai,TO,2022-02-02 00:28:40,-19.8,-174.35,80.71,67,2,7.9
63,Sajanan,TN,2022-02-02 00:28:41,37.0573,9.2426,52.72,65,84,19.71
64,Saldanha,ZA,2022-02-02 00:28:41,-33.0117,17.9442,66.25,97,40,12.66
65,Muros,ES,2022-02-02 00:28:42,42.7762,-9.0603,48.83,79,0,7.05
66,Black River,JM,2022-02-02 00:28:43,18.0264,-77.8487,75.2,82,10,5.68
67,Zhezkazgan,KZ,2022-02-02 00:28:44,47.8043,67.7144,1.38,78,20,8.95
68,Ayan,RU,2022-02-02 00:28:45,56.45,138.1667,-1.73,68,93,12.97
69,Honiara,SB,2022-02-02 00:28:45,-9.4333,159.95,86.11,67,97,5.01
70,Alice Springs,AU,2022-02-02 00:25:08,-23.7,133.8833,71.15,100,100,14.97
71,Jamestown,US,2022-02-02 00:25:46,42.097,-79.2353,36.72,43,0,10.0
72,Isangel,VU,2022-02-02 00:28:47,-19.55,169.2667,87.91,79,75,3.44
73,Mahebourg,MU,2022-02-02 00:28:48,-20.4081,57.7,81.25,94,75,21.85
74,Arraial Do Cabo,BR,2022-02-02 00:28:49,-22.9661,-42.0278,75.16,100,75,2.3
75,Zhizdra,RU,2022-02-02 00:28:49,53.746,34.7395,23.14,97,100,6.96
76,Pangoa,PE,2022-02-02 00:28:50,-12.1167,-73.0,67.05,98,100,2.08
77,Valparaiso,CL,2022-02-02 00:28:51,-33.0393,-71.6273,67.48,67,51,4.29
78,Yerbogachen,RU,2022-02-02 00:28:51,61.2767,108.0108,-31.83,100,40,1.48
79,Kaitangata,NZ,2022-02-02 00:25:49,-46.2817,169.8464,79.93,64,94,12.88
80,Boa Vista,BR,2022-02-02 00:28:53,2.8197,-60.6733,82.38,61,0,16.11
81,Itarema,BR,2022-02-02 00:28:53,-2.9248,-39.9167,79.7,78,99,14.05
82,Lavrentiya,RU,2022-02-02 00:24:56,65.5833,-171.0,1.85,80,5,17.49
83,Bengkulu,ID,2022-02-02 00:24:47,-3.8004,102.2655,74.28,81,100,5.17
84,Grindavik,IS,2022-02-02 00:28:55,63.8424,-22.4338,30.67,100,75,5.75
85,Upernavik,GL,2022-02-02 00:28:56,72.7868,-56.1549,-13.34,75,100,6.26
86,Vostok,RU,2022-02-02 00:24:48,46.4856,135.8833,-1.44,94,100,4.14
87,Constitucion,CL,2022-02-02 00:26:04,-35.3333,-72.4167,59.04,90,4,5.55
88,Padang,ID,2022-02-02 00:28:57,-0.9492,100.3543,73.45,83,100,4.68
89,Dunedin,NZ,2022-02-02 00:28:58,-45.8742,170.5036,70.81,71,100,14.0
90,Mar Del Plata,AR,2022-02-02 00:28:59,-38.0023,-57.5575,70.88,76,0,5.01
91,Hilo,US,2022-02-02 00:29:00,19.7297,-155.09,75.25,84,29,1.99
92,Anahuac,MX,2022-02-02 00:30:00,27.2333,-100.15,78.3,37,0,12.33
93,Cape Town,ZA,2022-02-02 00:28:01,-33.9258,18.4232,69.1,82,20,1.01
94,Muravlenko,RU,2022-02-02 00:30:02,63.7898,74.523,-20.45,100,100,4.74
95,Kapaa,US,2022-02-02 00:30:04,22.0752,-159.319,80.58,65,20,1.01
96,Husavik,IS,2022-02-02 00:30:04,66.0449,-17.3389,8.51,82,87,11.52
97,Kloulklubed,PW,2022-02-02 00:26:36,7.0419,134.2556,82.9,75,100,18.32
98,Qaanaaq,GL,2022-02-02 00:30:07,77.484,-69.3632,-20.85,64,100,11.99
99,Saint-Philippe,RE,2022-02-02 00:30:08,-21.3585,55.7679,80.15,92,100,23.71
100,Cabo San Lucas,MX,2022-02-02 00:27:53,22.8909,-109.9124,77.5,50,0,8.99
101,Pop,UZ,2022-02-02 00:30:11,40.8736,71.1089,30.69,43,100,4.03
102,Mae Sai,TH,2022-02-02 00:30:11,20.4335,99.8762,52.9,58,3,1.14
103,Airai,TL,2022-02-02 00:30:14,-8.9266,125.4092,69.6,63,100,4.09
104,Cidreira,BR,2022-02-02 00:30:15,-30.1811,-50.2056,72.45,74,0,12.39
105,Balabac,PH,2022-02-02 00:30:17,7.9868,117.0645,82.0,77,81,17.76
106,Muli,MV,2022-02-02 00:30:18,2.9167,73.5667,83.08,75,16,14.45
107,Sitka,US,2022-02-02 00:30:18,57.0531,-135.33,33.69,60,100,18.41
108,Byron Bay,AU,2022-02-02 00:30:19,-28.65,153.6167,86.11,69,100,1.81
109,East London,ZA,2022-02-02 00:30:19,-33.0153,27.9116,76.57,74,100,5.35
110,Petropavlovka,RU,2022-02-02 00:30:20,50.6114,105.3196,-12.12,95,35,4.12
111,Volodarskiy,RU,2022-02-02 00:30:21,46.4013,48.5409,26.55,95,100,1.59
112,Ponta Do Sol,PT,2022-02-02 00:30:04,32.6667,-17.1,70.12,27,100,13.91
113,Vaini,TO,2022-02-02 00:30:22,-21.2,-175.2,87.96,70,20,10.36
114,Kidal,ML,2022-02-02 00:30:23,18.4411,1.4078,65.26,14,88,8.95
115,Sioux Lookout,CA,2022-02-02 00:30:24,50.1001,-91.917,3.27,78,100,14.97
116,Kununurra,AU,2022-02-02 00:30:24,-15.7667,128.7333,85.98,70,40,13.8
117,Butaritari,KI,2022-02-02 00:29:58,3.0707,172.7902,81.97,77,44,11.16
118,Lorengau,PG,2022-02-02 00:30:26,-2.0226,147.2712,79.99,81,100,5.19
119,Karla,EE,2022-02-02 00:30:27,59.3723,24.9275,21.16,86,100,1.14
120,Asfi,MA,2022-02-02 00:30:27,32.2994,-9.2372,58.41,50,34,13.96
121,Russell,US,2022-02-02 00:30:28,32.3502,-85.1999,61.88,44,0,5.75
122,Kalmunai,LK,2022-02-02 00:30:29,7.4167,81.8167,71.83,78,1,2.15
123,Hobart,AU,2022-02-02 00:30:30,-42.8794,147.3294,63.05,45,75,1.99
124,Saskylakh,RU,2022-02-02 00:30:31,71.9167,114.0833,-28.21,100,35,1.74
125,Bud,US,2022-02-02 00:30:32,39.447,-86.1758,55.38,85,100,11.45
126,Terney,RU,2022-02-02 00:30:33,45.0503,136.6092,14.05,59,5,11.48
127,Makakilo City,US,2022-02-02 00:29:52,21.3469,-158.0858,80.92,51,75,6.91
128,Rocha,UY,2022-02-02 00:30:34,-34.4833,-54.3333,59.18,76,0,6.11
129,Hurghada,EG,2022-02-02 00:30:35,27.2574,33.8129,57.06,63,5,1.61
130,Kirakira,SB,2022-02-02 00:30:36,-10.4544,161.9205,83.53,79,72,7.87
131,Sabha,LY,2022-02-02 00:30:36,27.0377,14.4283,47.52,28,4,12.1
132,Talnakh,RU,2022-02-02 00:30:37,69.4865,88.3972,2.21,95,100,8.01
133,Esperance,AU,2022-02-02 00:30:38,-33.8667,121.9,67.84,51,30,17.0
134,Camacha,PT,2022-02-02 00:30:39,33.0833,-16.3333,62.53,77,20,17.27
135,Cermik,TR,2022-02-02 00:30:40,38.1361,39.4493,41.49,100,100,3.06
136,Los Llanos De Aridane,ES,2022-02-02 00:30:41,28.6585,-17.9182,69.12,66,0,4.0
137,Pevek,RU,2022-02-02 00:31:42,69.7008,170.3133,-6.88,79,100,3.36
138,Jacareacanga,BR,2022-02-02 00:31:43,-6.2222,-57.7528,73.92,98,100,0.67
139,Lompoc,US,2022-02-02 00:31:43,34.6391,-120.4579,66.02,55,0,16.11
140,Bestobe,KZ,2022-02-02 00:31:44,52.4994,73.0975,3.76,90,14,8.39
141,Asau,RO,2022-02-02 00:31:45,46.4333,26.4,27.75,92,95,5.59
142,Rio Branco,BR,2022-02-02 00:31:46,-9.9747,-67.81,74.01,94,75,2.3
143,Hvittingfoss,NO,2022-02-02 00:31:47,59.4833,10.0167,27.57,54,95,4.0
144,Lac Du Bonnet,CA,2022-02-02 00:31:49,50.2536,-96.0612,-3.42,93,100,14.61
145,Awjilah,LY,2022-02-02 00:31:51,29.1081,21.2869,53.69,38,10,10.29
146,Mackay,AU,2022-02-02 00:31:51,-21.15,149.2,90.68,58,40,9.22
147,Vestmanna,FO,2022-02-02 00:31:52,62.1564,-7.1664,36.52,75,75,13.8
148,Balmedie,GB,2022-02-02 00:31:53,57.2505,-2.0616,44.24,75,40,6.91
149,Paamiut,GL,2022-02-02 00:31:55,61.994,-49.6678,6.94,93,100,8.1
150,Port Hardy,CA,2022-02-02 00:31:55,50.6996,-127.4199,41.76,87,75,2.3
151,Dikson,RU,2022-02-02 00:31:57,73.5069,80.5464,2.43,94,100,16.96
152,Leningradskiy,RU,2022-02-02 00:29:16,69.3833,178.4167,-10.61,94,58,11.05
153,Mujiayingzi,CN,2022-02-02 00:31:58,42.1167,118.7833,10.22,51,0,7.18
154,Altay,CN,2022-02-02 00:31:59,47.8667,88.1167,8.6,84,99,4.52
155,Sabzevar,IR,2022-02-02 00:32:00,36.2126,57.6819,34.9,85,20,5.7
156,Vila Franca Do Campo,PT,2022-02-02 00:32:00,37.7167,-25.4333,57.61,79,62,11.32
157,Durres,AL,2022-02-02 00:32:01,41.3231,19.4414,41.18,72,90,11.81
158,Gomel,BY,2022-02-02 00:32:02,52.4345,30.9754,26.58,86,100,11.18
159,Tuatapere,NZ,2022-02-02 00:32:02,-46.1333,167.6833,68.4,93,100,6.46
160,Lagoa,PT,2022-02-02 00:32:03,39.05,-27.9833,58.95,72,15,14.65
161,Thompson,CA,2022-02-02 00:32:04,55.7435,-97.8558,-20.04,69,0,6.91
162,Puebloviejo,CO,2022-02-02 00:32:05,10.9938,-74.2844,84.38,61,20,12.66
163,Tasiilaq,GL,2022-02-02 00:32:06,65.6145,-37.6368,12.36,74,100,4.74
164,Krasnopillya,UA,2022-02-02 00:32:07,50.7746,35.2597,5.14,100,100,5.66
165,West Odessa,US,2022-02-02 00:32:08,31.8424,-102.4988,62.69,17,0,3.44
166,Cap Malheureux,MU,2022-02-02 00:32:08,-19.9842,57.6142,81.46,80,100,15.99
167,Sadovoye,RU,2022-02-02 00:32:09,47.7764,44.5089,32.85,90,100,5.97
168,Tuktoyaktuk,CA,2022-02-02 00:31:50,69.4541,-133.0374,-25.6,75,20,4.61
169,Beloha,MG,2022-02-02 00:32:10,-25.1667,45.05,71.06,85,0,12.15
170,Alexandria,EG,2022-02-02 00:30:45,31.2156,29.9553,52.9,64,0,9.62
171,Krasnyy Oktyabr,RU,2022-02-02 00:32:11,56.1167,38.8833,17.4,95,99,7.83
172,Blairmore,CA,2022-02-02 00:30:09,49.6,-114.4353,2.89,71,100,9.22
173,Jodhpur,IN,2022-02-02 00:30:10,26.2867,73.03,59.67,36,0,3.96
174,Bandar-E Anzali,IR,2022-02-02 00:32:15,37.4727,49.4622,37.51,54,0,5.14
175,Pinawa,CA,2022-02-02 00:32:16,50.1489,-95.8811,-3.39,93,100,13.89
176,Ribeira Grande,PT,2022-02-02 00:32:17,38.5167,-28.7,59.63,74,68,13.24
177,Toora-Khem,RU,2022-02-02 00:32:18,52.4675,96.11,-24.74,100,100,0.96
178,Coquimbo,CL,2022-02-02 00:28:32,-29.9533,-71.3436,64.69,82,67,6.24
179,Ambilobe,MG,2022-02-02 00:33:20,-13.2,49.05,73.92,93,100,1.97
180,Gasa,PS,2022-02-02 00:33:12,31.5,34.4667,49.17,61,0,5.79
181,Lucea,JM,2022-02-02 00:33:21,18.451,-78.1736,75.06,74,1,5.17
182,Ballina,AU,2022-02-02 00:33:22,-28.8667,153.5667,86.18,70,100,0.0
183,Faya,SA,2022-02-02 00:33:23,18.3851,42.4509,52.32,62,1,4.76
184,San Quintin,MX,2022-02-02 00:33:24,30.4833,-115.95,59.0,68,40,11.27
185,Fuyang,CN,2022-02-02 00:33:24,32.9,115.8167,36.16,56,100,7.11
186,Bayangol,RU,2022-02-02 00:33:25,50.6977,103.4656,-14.96,98,37,3.09
187,Te Anau,NZ,2022-02-02 00:31:58,-45.4167,167.7167,66.43,97,100,5.3
188,Raposa,BR,2022-02-02 00:33:27,-6.5167,-44.1833,74.35,74,82,0.56
189,Kodiak,US,2022-02-02 00:33:29,57.79,-152.4072,38.71,87,100,5.75
190,Mariakani,KE,2022-02-02 00:33:31,-3.8633,39.4736,71.38,97,100,1.92
191,Turukhansk,RU,2022-02-02 00:33:32,65.8167,87.9833,8.35,95,99,9.04
192,Cervo,ES,2022-02-02 00:33:33,43.6702,-7.4101,48.96,86,5,10.33
193,Stornoway,GB,2022-02-02 00:33:34,58.2093,-6.3865,42.04,92,75,1.01
194,Sibate,CO,2022-02-02 00:33:36,4.4843,-74.245,54.16,82,72,4.97
195,Tura,IN,2022-02-02 00:33:36,25.5198,90.2201,51.84,73,0,2.75
196,Belmonte,BR,2022-02-02 00:33:37,-15.8631,-38.8828,81.1,84,1,8.3
197,Portland,US,2022-02-02 00:32:25,45.5234,-122.6762,46.9,78,75,1.01
198,Trail,CA,2022-02-02 00:31:02,49.0998,-117.7022,31.78,57,4,13.0
199,Bethel,US,2022-02-02 00:33:40,41.3712,-73.414,34.16,72,100,0.0
200,Touros,BR,2022-02-02 00:33:41,-5.1989,-35.4608,79.7,77,42,9.46
201,Martapura,ID,2022-02-02 00:33:42,-3.4167,114.85,77.09,94,20,2.3
202,Lata,PT,2022-02-02 00:33:43,40.1629,-8.3327,54.05,77,0,3.83
203,Pueblo Nuevo,MX,2022-02-02 00:33:44,23.3833,-105.3833,45.61,42,0,1.41
204,San Cristobal Verapaz,GT,2022-02-02 00:33:44,15.3833,-90.4,68.56,68,20,4.61
205,Tecolutla,MX,2022-02-02 00:33:45,20.4833,-97.0167,70.05,89,0,6.06
206,Bathsheba,BB,2022-02-02 00:33:46,13.2167,-59.5167,79.41,73,20,13.8
207,Rio Gallegos,AR,2022-02-02 00:33:47,-51.6226,-69.2181,53.65,35,40,29.93
208,Porto Nacional,BR,2022-02-02 00:33:47,-10.7081,-48.4172,75.2,92,48,0.74
209,Kollegal,IN,2022-02-02 00:33:48,12.15,77.1167,64.8,88,19,3.0
210,Nikolskoye,RU,2022-02-02 00:33:49,59.7035,30.7861,24.69,98,99,2.08
211,Bondoukou,CI,2022-02-02 00:33:50,8.0333,-2.8,72.12,14,87,4.63
212,Khatanga,RU,2022-02-02 00:33:18,71.9667,102.5,-37.68,99,20,2.37
213,Victoria,HK,2022-02-02 00:33:11,22.2855,114.1577,60.24,94,100,5.01
214,Adrar,MR,2022-02-02 00:33:52,20.5022,-10.0711,69.13,18,98,10.16
215,Abu Dhabi,AE,2022-02-02 00:29:45,24.4667,54.3667,68.97,84,20,6.91
216,Carolina,PR,2022-02-02 00:33:55,18.3808,-65.9574,78.48,88,3,6.06
217,Sweetwater,US,2022-02-02 00:33:56,25.7634,-80.3731,70.02,64,75,1.99
218,Taree,AU,2022-02-02 00:33:56,-31.9,152.4667,80.53,78,40,9.22
219,Vao,NC,2022-02-02 00:33:57,-22.6667,167.4833,78.31,82,100,19.95
220,Zhigansk,RU,2022-02-02 00:33:58,66.7697,123.3711,-27.78,99,89,8.93
221,Qasigiannguit,GL,2022-02-02 00:33:59,68.8193,-51.1922,3.45,95,100,5.3
222,Pangnirtung,CA,2022-02-02 00:34:59,66.1451,-65.7125,-23.87,84,71,6.62
223,Tirano,IT,2022-02-02 00:35:01,46.2154,10.1679,45.57,79,100,6.46
224,Pailon,BO,2022-02-02 00:35:01,-17.65,-62.75,81.5,84,34,5.73
225,Vila Velha,BR,2022-02-02 00:35:02,-20.3297,-40.2925,82.35,91,75,17.0
226,Ancud,CL,2022-02-02 00:35:03,-41.8697,-73.8203,62.13,94,100,5.37
227,Carroll,US,2022-02-02 00:35:04,39.5501,-77.0164,34.45,69,0,1.01
228,Port Lincoln,AU,2022-02-02 00:35:05,-34.7333,135.8667,62.98,54,99,16.44
229,Alvaraes,BR,2022-02-02 00:35:06,-3.2208,-64.8042,73.85,97,100,2.46
230,Roma,US,2022-02-02 00:34:13,43.2128,-75.4557,34.43,56,0,10.36
231,Bahia Blanca,AR,2022-02-02 00:35:05,-38.7196,-62.2724,71.96,47,100,13.27
232,Tripoli,LY,2022-02-02 00:35:08,32.8752,13.1875,55.18,57,97,27.29
233,Nome,US,2022-02-02 00:33:16,64.5011,-165.4064,19.47,53,0,27.63
234,Kaele,CM,2022-02-02 00:35:09,10.1092,14.4508,65.41,27,12,8.99
235,Ganzhou,CN,2022-02-02 00:35:09,28.8184,115.4327,37.13,88,100,6.4
236,Calvinia,ZA,2022-02-02 00:35:10,-31.4707,19.776,70.99,69,100,3.4
237,Huancabamba,PE,2022-02-02 00:35:12,-5.2386,-79.4506,59.36,92,100,1.19
238,Nanakuli,US,2022-02-02 00:35:13,21.3906,-158.1547,82.35,52,75,6.91
239,Griffith,US,2022-02-02 00:35:13,41.5284,-87.4237,40.62,92,100,1.01
240,Ubauro,PK,2022-02-02 00:35:14,28.1652,69.7289,59.72,29,0,3.31
241,Belyy Yar,RU,2022-02-02 00:35:15,53.6039,91.3903,-18.51,83,40,2.24
242,Haines Junction,CA,2022-02-02 00:35:15,60.7522,-137.5108,-18.45,69,100,1.14
243,Yerofey Pavlovich,RU,2022-02-02 00:35:16,53.9667,121.9667,-6.18,81,27,3.02
244,Avarua,CK,2022-02-02 00:35:17,-21.2078,-159.775,84.25,79,75,12.66
245,Nevsehir,TR,2022-02-02 00:35:17,38.9167,34.6667,29.41,74,75,13.8
246,Qaqortoq,GL,2022-02-02 00:35:19,60.7167,-46.0333,16.3,89,8,3.38
247,Boende,CD,2022-02-02 00:35:20,-0.2167,20.8667,78.66,47,100,1.9
248,Aklavik,CA,2022-02-02 00:34:50,68.2191,-135.0107,-11.2,77,40,3.44
249,Chokurdakh,RU,2022-02-02 00:32:59,70.6333,147.9167,-14.26,96,100,5.17
250,The Valley,AI,2022-02-02 00:35:21,18.217,-63.0578,78.82,75,10,10.6
251,High Level,CA,2022-02-02 00:35:21,58.5169,-117.136,-9.29,70,20,4.61
252,Lubbock,US,2022-02-02 00:32:10,33.6001,-101.8338,49.37,42,75,5.01
253,Gavrilovka Vtoraya,RU,2022-02-02 00:35:23,52.877,42.7663,15.33,96,73,9.89
254,Dingle,PH,2022-02-02 00:35:24,10.9995,122.6711,79.77,81,100,10.47
255,Mwinilunga,ZM,2022-02-02 00:35:25,-11.7358,24.4293,63.14,96,100,3.06
256,East Wenatchee Bench,US,2022-02-02 00:35:26,47.4257,-120.2812,37.42,70,0,3.0
257,San Patricio,US,2022-02-02 00:35:26,28.017,-97.5169,70.21,76,28,7.94
258,Genhe,CN,2022-02-02 00:35:27,50.7833,121.5167,-7.96,93,96,2.35
259,Kawalu,ID,2022-02-02 00:35:28,-7.3817,108.2082,76.95,83,96,0.94
260,Konevo,RU,2022-02-02 00:35:28,62.1215,39.3192,11.37,98,99,3.02
261,Chumikan,RU,2022-02-02 00:35:29,54.7183,135.315,-6.52,85,28,13.06
262,Yulara,AU,2022-02-02 00:35:30,-25.2406,130.9889,67.84,100,75,12.66
263,Cherskiy,RU,2022-02-02 00:35:31,68.75,161.3,11.35,70,100,4.85
264,Codrington,AU,2022-02-02 00:35:31,-38.2667,141.9667,59.92,52,100,13.89
265,Petropavlovsk-Kamchatskiy,RU,2022-02-02 00:35:32,53.0452,158.6483,30.79,100,100,24.61
266,Rorvik,NO,2022-02-02 00:36:35,64.8621,11.2373,23.04,65,100,18.92
267,Egvekinot,RU,2022-02-02 00:36:36,66.3167,-179.1667,-4.97,85,66,18.9
268,Kajaani,FI,2022-02-02 00:36:37,64.2273,27.7285,17.65,86,100,6.91
269,Zhuhai,CN,2022-02-02 00:36:37,22.2769,113.5678,60.69,100,40,12.66
270,Plettenberg Bay,ZA,2022-02-02 00:36:38,-34.0527,23.3716,73.45,84,100,2.39
271,Vagur,FO,2022-02-02 00:36:39,61.4732,-6.8119,40.55,68,100,20.85
272,La Ronge,CA,2022-02-02 00:35:53,55.1001,-105.2842,-9.15,64,75,11.5
273,Iqaluit,CA,2022-02-02 00:36:40,63.7506,-68.5145,-9.31,76,75,15.01
274,Conakry,GN,2022-02-02 00:35:41,9.538,-13.6773,78.87,94,20,4.61
275,Gondar,ET,2022-02-02 00:36:41,12.6,37.4667,60.62,43,97,4.61
276,Tangzhai,CN,2022-02-02 00:36:42,34.4328,116.5911,34.74,39,97,5.26
277,Cururupu,BR,2022-02-02 00:36:43,-1.8283,-44.8683,75.99,93,91,4.85
278,Caidian,CN,2022-02-02 00:36:43,30.5833,114.0333,35.73,76,100,5.59
279,Juruti,BR,2022-02-02 00:36:44,-2.1522,-56.0922,76.28,84,20,2.77
280,Baruun-Urt,MN,2022-02-02 00:36:45,46.6806,113.2792,-9.53,94,6,6.04
281,Klaksvik,FO,2022-02-02 00:36:45,62.2266,-6.589,38.32,76,100,18.66
282,Kailua,US,2022-02-02 00:36:47,21.4022,-157.7394,82.38,69,75,12.66
283,Turbat,PK,2022-02-02 00:36:47,26.0023,63.044,66.76,53,0,3.2
284,Cartagena Del Chaira,CO,2022-02-02 00:36:48,1.3349,-74.8429,81.64,45,100,1.32
285,Devonport,AU,2022-02-02 00:36:49,-41.1667,146.35,65.08,41,13,5.61
286,Narsaq,GL,2022-02-02 00:33:10,60.9167,-46.05,16.02,84,14,3.74
287,Saint Anthony,US,2022-02-02 00:36:50,45.0205,-93.218,10.92,66,0,5.99
288,Roebourne,AU,2022-02-02 00:36:51,-20.7833,117.1333,86.0,70,100,9.78
289,Ahipara,NZ,2022-02-02 00:36:16,-35.1667,173.1667,76.17,64,100,15.3
290,Sur,OM,2022-02-02 00:36:36,22.5667,59.5289,71.38,61,6,3.78
291,Khandbari,NP,2022-02-02 00:36:54,27.3747,87.2039,42.37,70,12,3.91
292,Pisco,PE,2022-02-02 00:34:45,-13.7,-76.2167,70.02,73,0,18.41
293,Florianopolis,BR,2022-02-02 00:36:56,-27.6146,-48.5012,76.37,84,75,1.01
294,Eldorado,BR,2022-02-02 00:36:57,-23.7869,-54.2836,78.08,59,0,4.88
295,Caramay,PH,2022-02-02 00:36:58,10.1815,119.236,79.83,85,97,11.27
296,Havoysund,NO,2022-02-02 00:36:12,70.9963,24.6622,25.68,65,75,12.3
297,Hamilton,US,2022-02-02 00:36:46,39.1834,-84.5333,53.55,53,0,5.75
298,Funadhoo,MV,2022-02-02 00:37:00,6.15,73.2667,81.77,76,12,13.0
299,Capaci,IT,2022-02-02 00:37:00,38.1711,13.2393,55.0,56,40,16.11
300,Nemuro,JP,2022-02-02 00:37:01,43.3236,145.575,23.43,69,15,17.94
301,Abramovka,RU,2022-02-02 00:37:02,51.1886,41.0202,22.17,95,90,7.96
302,Marawi,PH,2022-02-02 00:37:02,7.9986,124.2928,69.66,80,100,3.04
303,Westport,US,2022-02-02 00:37:03,41.1415,-73.3579,35.56,69,100,3.0
304,Alem Paraiba,BR,2022-02-02 00:37:04,-21.8878,-42.7044,73.96,96,100,0.76
305,Phan Thiet,VN,2022-02-02 00:37:05,10.9333,108.1,78.37,64,61,7.83
306,Gogrial,SS,2022-02-02 00:37:05,8.5332,28.1004,70.47,25,8,5.37
307,San Joaquin,US,2022-02-02 00:37:06,37.9333,-121.3011,61.68,30,0,18.41
308,Gamba,GA,2022-02-02 00:37:07,-2.65,10.0,77.83,87,100,5.28
309,Gravelbourg,CA,2022-02-02 00:37:07,49.8834,-106.5512,-7.33,92,36,9.98
310,Oum Hadjer,TD,2022-02-02 00:37:08,13.2954,19.6966,63.28,18,1,7.87
311,Johi,PK,2022-02-02 00:37:09,26.6921,67.6133,67.14,28,0,6.15
312,Tilichiki,RU,2022-02-02 00:35:00,60.4667,166.1,15.12,92,100,8.46
313,Komsomolskiy,UZ,2022-02-02 00:37:47,40.4272,71.7189,29.62,74,100,4.61
314,Rabak,SD,2022-02-02 00:38:11,13.1809,32.74,66.0,21,4,8.84
315,Beidao,CN,2022-02-02 00:38:11,34.5686,105.8933,22.6,92,100,0.94
316,Khartoum,SD,2022-02-02 00:38:12,15.5518,32.5324,62.02,22,0,10.67
317,Heyang,CN,2022-02-02 00:38:13,26.1011,107.473,31.59,91,100,5.91
318,Ust-Karsk,RU,2022-02-02 00:38:15,52.7011,118.8077,-18.36,97,67,1.41
319,Auki,SB,2022-02-02 00:38:15,-8.7676,160.7034,83.1,80,69,6.91
320,Shwebo,MM,2022-02-02 00:38:16,22.5667,95.7,57.99,54,1,3.36
321,Port Hawkesbury,CA,2022-02-02 00:34:44,45.6169,-61.3485,20.79,80,0,1.99
322,Inuvik,CA,2022-02-02 00:38:17,68.3499,-133.7218,-11.16,80,20,6.91
323,Taksimo,RU,2022-02-02 00:38:18,56.3444,114.8794,-17.3,95,91,1.7
324,Dzilam Gonzalez,MX,2022-02-02 00:38:19,21.2833,-88.9333,75.65,61,4,9.22
325,Rio Grande,BR,2022-02-02 00:35:03,-32.035,-52.0986,68.85,65,0,10.49
326,Grand Gaube,MU,2022-02-02 00:38:20,-20.0064,57.6608,80.38,80,100,15.99
327,Bilibino,RU,2022-02-02 00:38:21,68.0546,166.4372,5.99,60,100,6.67
328,Bassano,CA,2022-02-02 00:38:21,50.7834,-112.4685,1.63,67,100,11.27
329,Sao Filipe,CV,2022-02-02 00:38:22,14.8961,-24.4956,73.35,78,27,11.7
330,Vardo,NO,2022-02-02 00:38:23,70.3705,31.1107,28.18,61,100,7.27
331,Gimli,CA,2022-02-02 00:38:24,50.6336,-96.9907,-3.87,71,100,14.97
332,Quatre Cocos,MU,2022-02-02 00:37:41,-20.2078,57.7625,80.1,91,100,30.53
333,Sept-Iles,CA,2022-02-02 00:38:25,50.2001,-66.3821,2.05,65,75,1.01
334,Angermunde,DE,2022-02-02 00:38:27,53.015,13.9992,43.29,95,100,17.36
335,Diffa,NE,2022-02-02 00:38:28,13.3154,12.6113,59.47,20,4,8.48
336,Kuala Terengganu,MY,2022-02-02 00:38:28,5.3302,103.1408,76.95,94,40,1.14
337,Broome,US,2022-02-02 00:35:14,42.2506,-75.833,32.77,61,0,3.0
338,Vanimo,PG,2022-02-02 00:38:30,-2.6741,141.3028,83.71,69,77,2.21
339,Sumoto,JP,2022-02-02 00:38:30,34.35,134.9,43.48,68,31,1.99
340,Labuhan,ID,2022-02-02 00:38:31,-6.8844,112.2051,80.58,79,67,4.83
341,Margate,GB,2022-02-02 00:38:32,51.3813,1.3862,50.95,79,100,5.01
342,Krasnoselkup,RU,2022-02-02 00:36:41,65.7,82.4667,-16.29,100,83,3.67
343,Goderich,CA,2022-02-02 00:38:34,43.7501,-81.7165,41.32,60,100,19.57
344,Suffolk,US,2022-02-02 00:38:35,40.8668,-72.7996,35.89,76,100,5.01
345,Tessalit,ML,2022-02-02 00:38:35,20.1986,1.0114,62.55,19,99,12.39
346,Aljezur,PT,2022-02-02 00:38:36,37.3191,-8.8033,51.84,58,0,4.5
347,Darhan,MN,2022-02-02 00:38:37,49.4867,105.9228,-13.54,95,64,4.47
348,Iroquois Falls,CA,2022-02-02 00:38:38,48.7669,-80.6831,33.94,91,100,15.17
349,Hovd,MN,2022-02-02 00:38:38,48.0056,91.6419,-7.2,89,100,1.39
350,Beringovskiy,RU,2022-02-02 00:36:15,63.05,179.3167,1.63,85,86,16.08
351,Kyrksaeterora,NO,2022-02-02 00:38:40,63.2906,9.0891,32.65,92,100,4.25
352,Kisangani,CD,2022-02-02 00:38:40,0.5167,25.2,70.66,80,94,2.39
353,Caravelas,BR,2022-02-02 00:38:41,-17.7125,-39.2481,76.53,93,26,7.61
354,Baie-Comeau,CA,2022-02-02 00:38:42,49.2168,-68.1489,8.28,78,0,12.66
355,Rawson,AR,2022-02-02 00:38:42,-43.3002,-65.1023,76.15,36,6,8.86
356,Panzhihua,CN,2022-02-02 00:38:43,26.5851,101.7128,44.28,77,6,4.18
357,Rapu-Rapu,PH,2022-02-02 00:38:44,13.1866,124.1256,78.39,85,100,19.71
358,Evensk,RU,2022-02-02 00:38:44,61.95,159.2333,20.89,78,100,23.96
359,Ketrzyn,PL,2022-02-02 00:39:45,54.0768,21.3753,30.9,94,100,12.55
360,Shenzhen,CN,2022-02-02 00:36:15,22.5455,114.0683,60.84,98,100,5.01
361,Aykhal,RU,2022-02-02 00:39:46,66.0,111.5,-21.64,100,9,2.44
362,Iguape,BR,2022-02-02 00:39:47,-24.7081,-47.5553,75.2,93,100,4.0
363,Basco,PH,2022-02-02 00:39:48,20.4487,121.9702,74.34,72,18,17.72
364,Shar,KZ,2022-02-02 00:39:48,49.5886,81.0453,-13.32,89,11,4.25
365,Acarau,BR,2022-02-02 00:39:49,-2.8856,-40.12,79.48,79,92,14.2
366,Khani,GE,2022-02-02 00:39:50,41.9563,42.9566,35.17,75,24,9.6
367,Marsh Harbour,BS,2022-02-02 00:35:28,26.5412,-77.0636,68.11,57,100,19.71
368,Avera,US,2022-02-02 00:39:51,33.194,-82.5271,56.71,61,20,10.69
369,Kjollefjord,NO,2022-02-02 00:39:51,70.9457,27.3465,17.02,80,97,8.86
370,Pacific Grove,US,2022-02-02 00:39:52,36.6177,-121.9166,60.91,44,0,3.0
371,Kundgol,IN,2022-02-02 00:39:53,15.25,75.25,62.8,47,6,1.61
372,Maromitsa,RU,2022-02-02 00:39:54,59.8683,48.0123,24.48,93,99,8.93
373,Katsuura,JP,2022-02-02 00:39:54,35.1333,140.3,50.18,39,0,18.7
374,Kovdor,RU,2022-02-02 00:39:55,67.5662,30.4758,3.61,99,100,3.04
375,Chapais,CA,2022-02-02 00:37:50,49.7834,-74.8492,19.18,84,100,18.92
376,Inhambane,MZ,2022-02-02 00:37:42,-23.865,35.3833,75.04,82,28,3.91
377,Kavaratti,IN,2022-02-02 00:39:57,10.5669,72.642,80.2,68,5,8.99
378,San Marcos,US,2022-02-02 00:39:41,33.1434,-117.1661,61.38,71,20,1.01
379,Masallatah,LY,2022-02-02 00:39:59,32.6167,14.0,50.13,62,71,26.71
380,Kita,ML,2022-02-02 00:39:59,13.0349,-9.4895,71.58,15,4,5.26
381,Nivala,FI,2022-02-02 00:40:00,63.9167,24.9667,14.68,97,99,3.29
382,Tarnow,PL,2022-02-02 00:40:01,50.0138,20.987,35.38,94,100,14.14
383,Waingapu,ID,2022-02-02 00:40:02,-9.6567,120.2641,84.4,68,10,13.6
384,Miri,MY,2022-02-02 00:36:29,4.4148,114.0089,77.14,100,20,0.0
385,La Palma,US,2022-02-02 00:40:03,33.8464,-118.0467,65.8,62,40,5.01
386,Boyolangu,ID,2022-02-02 00:40:04,-8.1181,111.8935,80.76,74,17,3.31
387,Naze,JP,2022-02-02 00:40:05,28.3667,129.4833,56.32,71,100,12.35
388,Mumbwa,ZM,2022-02-02 00:40:06,-14.9783,27.0619,62.51,98,100,3.8
389,Santa Rosa,PH,2022-02-02 00:40:07,14.3122,121.1114,84.09,69,66,12.28
390,Matara,LK,2022-02-02 00:40:08,5.9485,80.5353,70.88,86,11,9.84
391,Deputatskiy,RU,2022-02-02 00:40:08,69.3,139.9,-13.86,98,100,1.14
392,Dong Xoai,VN,2022-02-02 00:40:09,11.5333,106.9167,78.82,69,62,5.19
393,Darnah,LY,2022-02-02 00:40:10,32.767,22.6367,52.81,73,100,19.42
394,Teguldet,RU,2022-02-02 00:40:11,57.3064,88.1667,11.07,97,93,5.48
395,Thunder Bay,CA,2022-02-02 00:39:23,48.4001,-89.3168,13.98,62,75,26.46
396,Richards Bay,ZA,2022-02-02 00:40:12,-28.783,32.0377,75.36,84,97,10.78
397,Bambous Virieux,MU,2022-02-02 00:35:51,-20.3428,57.7575,80.22,94,75,21.85
398,Sangar,RU,2022-02-02 00:40:13,63.9242,127.4739,-31.88,98,100,2.04
399,Longyearbyen,SJ,2022-02-02 00:40:14,78.2186,15.6401,22.84,63,40,2.3
400,Kensington,AU,2022-02-02 00:40:15,-33.9167,151.2167,70.0,94,75,3.0
401,Tevaitoa,PF,2022-02-02 00:40:15,-16.7833,-151.5,80.85,76,8,20.27
402,Hasaki,JP,2022-02-02 00:37:51,35.7333,140.8333,45.28,39,0,15.79
403,Kaupanger,NO,2022-02-02 00:40:17,61.1845,7.2404,28.09,98,89,2.62
404,Nueva Gerona,CU,2022-02-02 00:40:17,21.8833,-82.8,74.41,74,54,12.46
405,Karratha,AU,2022-02-02 00:41:18,-20.7377,116.8463,86.11,69,100,11.36
406,Port Keats,AU,2022-02-02 00:41:19,-14.25,129.55,84.02,77,100,18.16
407,Hendersonville,US,2022-02-02 00:39:39,36.3048,-86.62,59.09,47,95,1.01
408,Kikwit,CD,2022-02-02 00:41:20,-5.041,18.8162,71.47,83,100,0.16
409,Hopelchen,MX,2022-02-02 00:41:21,19.7667,-89.85,76.8,65,93,6.85
410,Chuncheng,CN,2022-02-02 00:41:22,22.1731,111.7886,55.02,93,100,5.26
411,Taltal,CL,2022-02-02 00:40:20,-25.4,-70.4833,66.34,78,0,3.24
412,Ranir Bazar,IN,2022-02-02 00:39:19,23.8333,91.3667,60.71,100,100,0.0
413,San Cristobal,VE,2022-02-02 00:36:47,7.7669,-72.225,71.78,60,100,1.43
414,Morondava,MG,2022-02-02 00:41:25,-20.2833,44.2833,80.33,83,16,2.04
415,Beira,MZ,2022-02-02 00:36:36,-19.8436,34.8389,75.29,84,0,2.48
416,Sao Jose Da Coroa Grande,BR,2022-02-02 00:41:26,-8.8978,-35.1478,79.21,78,16,6.26
417,Lhokseumawe,ID,2022-02-02 00:41:27,5.1801,97.1507,77.29,83,17,3.06
418,Akdepe,TM,2022-02-02 00:41:27,42.0551,59.3788,26.69,73,9,7.05
419,Masuda,JP,2022-02-02 00:41:28,34.6667,131.85,44.35,65,75,12.66
420,Sault Sainte Marie,CA,2022-02-02 00:41:29,46.5168,-84.3333,39.49,75,100,11.5
421,Saint-Pierre,RE,2022-02-02 00:41:29,-21.3393,55.4781,82.04,89,100,37.98
422,Kjopsvik,NO,2022-02-02 00:41:30,68.097,16.3742,23.16,78,96,10.76
423,Kayerkan,RU,2022-02-02 00:41:31,69.3497,87.7602,1.53,77,97,6.17
424,Tete,MZ,2022-02-02 00:41:31,-16.1564,33.5867,75.29,100,20,3.44
425,Agadir,MA,2022-02-02 00:41:32,30.4202,-9.5982,57.65,43,50,9.08
426,Praia,CV,2022-02-02 00:41:33,14.9215,-23.5087,81.14,39,75,11.5
427,Dargaville,NZ,2022-02-02 00:36:44,-35.9333,173.8833,81.63,44,100,12.15
428,Comodoro Rivadavia,AR,2022-02-02 00:41:34,-45.8667,-67.5,76.86,19,0,20.71
429,Palembang,ID,2022-02-02 00:41:35,-2.9167,104.7458,73.49,94,20,5.75
430,Namatanai,PG,2022-02-02 00:38:55,-3.6667,152.4333,82.2,73,96,5.17
431,Tonj,SS,2022-02-02 00:41:36,7.2737,28.6822,72.39,23,61,5.21
432,Port Hedland,AU,2022-02-02 00:41:37,-20.3167,118.5667,84.25,84,100,5.75
433,Kahului,US,2022-02-02 00:38:44,20.8947,-156.47,82.42,65,20,20.71
434,Xining,CN,2022-02-02 00:41:39,36.6167,101.7667,10.69,73,75,2.39
435,Champerico,GT,2022-02-02 00:41:40,14.3,-91.9167,84.74,66,0,8.57
436,Kupang,ID,2022-02-02 00:37:37,-10.1667,123.5833,82.35,78,16,13.6
437,Machali,CL,2022-02-02 00:41:41,-34.1833,-70.6667,65.5,58,11,2.26
438,Ambulu,ID,2022-02-02 00:41:42,-8.345,113.6058,81.19,75,17,1.95
439,Boca Do Acre,BR,2022-02-02 00:41:42,-8.7522,-67.3978,73.35,98,100,0.85
440,Qandala,SO,2022-02-02 00:41:43,11.472,49.8728,73.96,81,20,4.81
441,Lerwick,GB,2022-02-02 00:41:44,60.1545,-1.1494,39.2,70,100,19.46
442,Grado,ES,2022-02-02 00:41:45,43.388,-6.0743,48.24,92,0,3.44
443,Hay River,CA,2022-02-02 00:41:45,60.8156,-115.7999,-16.62,63,0,9.22
444,Thaba Nchu,ZA,2022-02-02 00:41:46,-29.2093,26.839,64.18,76,100,3.67
445,Gabu,GW,2022-02-02 00:41:47,12.2833,-14.2167,78.87,15,0,3.31
446,Najran,SA,2022-02-02 00:41:48,17.4924,44.1277,61.45,36,0,5.06
447,Aqtobe,KZ,2022-02-02 00:41:49,50.2797,57.2072,23.09,86,100,11.18
448,Santa Maria,BR,2022-02-02 00:41:50,-29.6842,-53.8069,76.3,69,0,3.44
449,Teluk Nibung,ID,2022-02-02 00:41:51,3.001,99.8164,76.26,90,100,3.71
450,Broken Hill,AU,2022-02-02 00:42:52,-31.95,141.4333,62.31,55,98,21.85
451,Chunskiy,RU,2022-02-02 00:42:52,56.0815,99.6342,-12.71,100,81,1.5
452,Terrasini,IT,2022-02-02 00:42:53,38.146,13.0844,50.72,57,8,15.43
453,San Andres,CO,2022-02-02 00:42:54,12.5847,-81.7006,80.62,74,20,4.61
454,Kandrian,PG,2022-02-02 00:42:55,-6.2167,149.55,79.03,88,100,16.98
455,Mwene-Ditu,CD,2022-02-02 00:42:55,-7.0,23.45,65.88,96,100,2.21
456,Horasan,TR,2022-02-02 00:42:56,40.0458,42.1728,9.81,95,72,2.19
457,Vierzon,FR,2022-02-02 00:42:57,47.2101,2.0625,47.91,97,100,11.39
458,Namtsy,RU,2022-02-02 00:42:57,62.7161,129.6658,-21.89,93,100,5.97
459,Mitsamiouli,KM,2022-02-02 00:42:58,-11.3847,43.2844,81.59,76,100,5.26
460,Haverfordwest,GB,2022-02-02 00:42:59,51.8017,-4.9691,50.05,88,100,5.01
461,Mogadishu,SO,2022-02-02 00:42:59,2.0371,45.3438,77.94,89,100,18.03
462,Huarmey,PE,2022-02-02 00:43:00,-10.0681,-78.1522,71.96,78,100,9.19
463,Salinopolis,BR,2022-02-02 00:43:01,-0.6136,-47.3561,79.21,86,94,11.21
464,Apateu,RO,2022-02-02 00:43:01,46.6167,21.7833,30.61,91,23,6.62
465,Erenhot,CN,2022-02-02 00:43:02,43.6475,111.9767,-0.06,90,5,5.03
466,Necochea,AR,2022-02-02 00:43:03,-38.5473,-58.7368,65.03,81,9,6.24
467,Oranjestad,AW,2022-02-02 00:43:04,12.524,-70.027,80.55,78,20,16.11
468,Opuwo,NA,2022-02-02 00:43:04,-18.0607,13.84,63.73,48,100,4.36
469,Iranshahr,IR,2022-02-02 00:43:05,27.2025,60.6848,57.54,62,0,4.61
470,Aleksandrovskiy Zavod,RU,2022-02-02 00:43:06,50.9237,117.9374,-15.77,97,50,3.06
471,Vanavara,RU,2022-02-02 00:43:07,60.34,102.2797,-13.81,100,95,2.71
472,Bokhan,RU,2022-02-02 00:43:07,53.153,103.7714,-16.58,100,90,2.04
473,Greifswald,DE,2022-02-02 00:43:08,54.1,13.3833,43.11,87,100,23.51
474,Bonavista,CA,2022-02-02 00:43:09,48.6499,-53.1147,20.12,66,100,20.24
475,Leh,IN,2022-02-02 00:41:35,34.1667,77.5833,-6.92,76,89,2.64
476,Cotonou,BJ,2022-02-02 00:41:46,6.3654,2.4183,78.78,83,2,4.61
477,Bowen,AU,2022-02-02 00:43:10,-20.0167,148.2333,86.22,68,100,5.3
478,Buchanan,LR,2022-02-02 00:43:11,5.8808,-10.0467,76.96,84,94,3.36
479,Celestun,MX,2022-02-02 00:43:12,20.8667,-90.4,74.03,81,12,10.92
480,Churapcha,RU,2022-02-02 00:43:12,62.0025,132.4325,-19.43,94,100,4.45
481,Mehran,IR,2022-02-02 00:43:13,33.1222,46.1646,42.28,64,0,6.22
482,Kieta,PG,2022-02-02 00:43:14,-6.2167,155.6333,84.78,72,70,10.31
483,Fukue,JP,2022-02-02 00:43:15,32.6881,128.8419,43.16,70,75,5.75
484,Niamtougou,TG,2022-02-02 00:43:15,9.7681,1.1053,69.64,21,0,6.91
485,Bubaque,GW,2022-02-02 00:39:07,11.2833,-15.8333,78.04,81,0,9.35
486,Taoudenni,ML,2022-02-02 00:43:17,22.6783,-3.9836,68.2,22,2,11.05
487,Chaman,PK,2022-02-02 00:43:17,30.9236,66.4512,49.39,36,96,4.14
488,Osuna,ES,2022-02-02 00:43:18,37.2377,-5.1075,48.92,78,0,6.8
489,Tromso,NO,2022-02-02 00:43:19,69.6496,18.957,14.02,79,0,2.3
490,Spasskoye,RU,2022-02-02 00:43:19,44.6108,132.7969,6.08,82,100,3.4
491,Oksfjord,NO,2022-02-02 00:43:20,70.2396,22.3479,25.72,59,72,12.33
492,Moorhead,US,2022-02-02 00:43:21,46.8739,-96.7676,3.16,72,20,8.99
493,Saint-Francois,FR,2022-02-02 00:43:21,46.4154,3.9054,44.67,100,100,9.22
494,Amapa,BR,2022-02-02 00:43:22,1.0,-52.0,72.16,99,100,3.91
495,Riyadh,SA,2022-02-02 00:43:23,24.6877,46.7219,50.14,39,0,9.26
496,Erzin,TR,2022-02-02 00:43:24,36.9559,36.2,46.92,86,70,7.23
497,Namibe,AO,2022-02-02 00:43:24,-15.1961,12.1522,71.92,69,100,10.58
498,San Carlos De Bariloche,AR,2022-02-02 00:41:21,-41.1456,-71.3082,64.15,55,40,21.85
499,Ust-Nera,RU,2022-02-02 00:44:27,64.5667,143.2,-0.89,98,100,4.59
500,Nsanje,MW,2022-02-02 00:44:27,-16.92,35.262,71.83,94,0,1.59
501,Verkhnevilyuysk,RU,2022-02-02 00:44:28,63.4453,120.3167,-30.55,98,93,5.86
502,Antofagasta,CL,2022-02-02 00:44:29,-23.65,-70.4,65.46,83,10,4.43
503,Cam Ranh,VN,2022-02-02 00:44:29,11.9214,109.1591,76.96,73,20,4.61
504,Petrozavodsk,RU,2022-02-02 00:43:28,61.7849,34.3469,-0.94,92,100,0.0
505,Kuah,MY,2022-02-02 00:44:31,6.3265,99.8432,80.58,74,20,3.44
506,Khasan,RU,2022-02-02 00:44:31,42.4308,130.6434,19.35,48,0,18.88
507,Mount Gambier,AU,2022-02-02 00:44:08,-37.8333,140.7667,66.11,37,75,18.41
508,Donnacona,CA,2022-02-02 00:44:32,46.6804,-71.7239,15.75,67,100,5.75
509,Chaoyang,CN,2022-02-02 00:44:33,41.5703,120.4586,11.52,67,1,3.85
510,Kavieng,PG,2022-02-02 00:41:58,-2.5744,150.7967,81.37,75,100,5.68
511,Tiarei,PF,2022-02-02 00:44:34,-17.5333,-149.3333,89.62,75,3,18.81
512,Buncrana,IE,2022-02-02 00:44:35,55.1333,-7.45,50.27,93,100,20.49
513,Carmen,MX,2022-02-02 00:44:36,18.6333,-91.8333,82.44,54,0,3.44
514,Porto Santo,PT,2022-02-02 00:44:37,33.072,-16.3415,65.3,77,20,17.27
515,Manokwari,ID,2022-02-02 00:44:37,-0.8667,134.0833,81.48,71,100,3.62
516,Ifanadiana,MG,2022-02-02 00:44:38,-21.3,47.6333,66.06,97,91,2.73
517,Nacala,MZ,2022-02-02 00:44:39,-14.5428,40.6728,71.96,97,25,5.21
518,Honningsvag,NO,2022-02-02 00:44:39,70.9821,25.9704,26.37,64,100,13.82
519,Cockburn Town,TC,2022-02-02 00:44:40,21.4612,-71.1419,76.14,75,43,20.02
520,Geraldton,AU,2022-02-02 00:44:41,-28.7667,114.6,91.81,22,0,29.93
521,Cabinda,AO,2022-02-02 00:44:42,-5.55,12.2,77.63,90,100,7.0
522,San Rafael,AR,2022-02-02 00:44:43,-34.6177,-68.3301,84.85,33,100,7.7
523,Baykit,RU,2022-02-02 00:44:43,61.67,96.37,-12.55,100,93,0.81
524,La Roda,ES,2022-02-02 00:44:44,39.2167,-2.15,47.91,66,0,1.19
525,Blagoyevo,RU,2022-02-02 00:44:45,63.3667,47.9167,17.42,95,100,6.22
526,Dire,ML,2022-02-02 00:44:45,12.2833,-10.9667,74.39,17,5,2.39
527,Clifton,US,2022-02-02 00:43:21,40.8584,-74.1638,36.48,75,75,1.01
528,Maceio,BR,2022-02-02 00:44:47,-9.6658,-35.7353,80.04,83,20,3.44
529,Ileza,RU,2022-02-02 00:44:47,61.0533,43.9002,22.55,96,99,5.73
530,Vestmannaeyjar,IS,2022-02-02 00:43:46,63.4427,-20.2734,37.65,71,100,11.9
531,Ulaangom,MN,2022-02-02 00:44:48,49.9811,92.0667,-23.57,88,92,2.93
532,Sikeston,US,2022-02-02 00:44:49,36.8767,-89.5879,57.97,62,0,9.22
533,Prachuap Khiri Khan,TH,2022-02-02 00:44:50,12.2167,99.75,77.68,73,7,1.95
534,Imbituba,BR,2022-02-02 00:44:51,-28.24,-48.6703,78.82,88,81,5.64
535,Port Blair,IN,2022-02-02 00:44:52,11.6667,92.75,69.84,94,40,2.3
536,Mandalgovi,MN,2022-02-02 00:42:54,45.7625,106.2708,-1.23,72,0,8.1
537,Normandin,CA,2022-02-02 00:44:53,48.8333,-72.5321,12.33,73,100,13.8
538,Ryotsu,JP,2022-02-02 00:44:54,38.0833,138.4333,35.56,61,100,23.2
539,Porto Calvo,BR,2022-02-02 00:44:54,-9.045,-35.3983,79.95,84,10,4.36
540,Juba,SS,2022-02-02 00:44:55,4.8517,31.5825,78.28,27,97,3.74
541,Shubarkuduk,KZ,2022-02-02 00:44:56,49.1447,56.4872,19.96,90,100,7.05
542,Novo Aripuana,BR,2022-02-02 00:44:57,-5.1206,-60.3797,74.3,98,100,2.44
543,Klyuchi,RU,2022-02-02 00:44:58,52.2667,79.1667,7.57,95,100,5.7
544,Port-Gentil,GA,2022-02-02 00:44:59,-0.7193,8.7815,80.91,75,100,9.46
545,Yaan,NG,2022-02-02 00:45:59,7.3833,8.5667,75.16,17,3,1.36
546,Corowa,AU,2022-02-02 00:46:00,-36.0333,146.3833,72.57,45,7,8.41
547,Ojinaga,MX,2022-02-02 00:46:01,29.5667,-104.4167,70.75,23,0,0.0
548,Calama,CL,2022-02-02 00:46:01,-22.4667,-68.9333,56.5,31,0,8.34
549,Tazovskiy,RU,2022-02-02 00:46:02,67.4667,78.7,-9.94,100,90,4.65
550,Dhar,IN,2022-02-02 00:46:03,22.6,75.3,55.44,58,0,1.59
551,Hervey Bay,AU,2022-02-02 00:42:08,-25.2986,152.8535,90.03,74,97,13.35
552,Miguelopolis,BR,2022-02-02 00:43:26,-20.1794,-48.0319,73.22,94,100,2.93
553,Mayo,US,2022-02-02 00:43:07,38.8876,-76.5119,36.77,80,0,3.44
554,Ivankiv,UA,2022-02-02 00:46:06,50.9386,29.8943,25.03,93,33,7.74
555,Matagami,CA,2022-02-02 00:46:06,49.7502,-77.6328,28.51,74,100,25.32
556,Roald,NO,2022-02-02 00:46:07,62.5833,6.1333,38.34,87,100,9.22
557,Zabol,AF,2022-02-02 00:46:08,32.25,67.25,33.17,100,100,8.23
558,Tigre,AR,2022-02-02 00:46:09,-34.426,-58.5796,78.94,65,0,6.91
